μ£Όμ°¨μ¥λ…,λ¦¬λ·°
μμ–‘4λ™ κ³µμμ£Όμ°¨μ¥,κµΏκµΏ
μμ–‘4λ™ κ³µμμ£Όμ°¨μ¥,μ£Όμ°¨μ”κΈ μ €λ ΄ν•κ³  μΆ‹μ•„μ”!!
μμ–‘4λ™ κ³µμμ£Όμ°¨μ¥,κ±΄λ€μ…κµ¬μ—­ κ·Όμ²μ— μμ‹μ  κ°€λ ¤λ©΄ μ—¬κΈ° κ° μ¶
μμ–‘4λ™ κ³µμμ£Όμ°¨μ¥,κ³µμμ£Όμ°¨μ¥μ΄λΌ μ£Όμ°¨μ”κΈμ΄ μ €λ ΄ν•΄μ”!π‘π‘
μμ–‘4λ™ κ³µμμ£Όμ°¨μ¥,κ²½μ°¨ν• μΈλκ³  μΆ‹μ•„μ”
μμ–‘4λ™ κ³µμμ£Όμ°¨μ¥,μΆ‹μ•„μ”
μμ–‘4λ™ κ³µμμ£Όμ°¨μ¥,μ£Όμ°¨ν•κΈ° μΆ‹μ•„μ”^^
μμ–‘4λ™ κ³µμμ£Όμ°¨μ¥,λΉ„μ‹Έκµ¬λ‚
μμ–‘4λ™ κ³µμμ£Όμ°¨μ¥,μΆ‹μ•„μ”
μμ–‘4λ™ κ³µμμ£Όμ°¨μ¥,μ£Όμ°¨μλ¦¬κ°€ λ„“μ–΄μ”
μμ–‘4λ™ κ³µμμ£Όμ°¨μ¥,μ €λ ΄ν• κ°€κ²©μ— μ£Όμ°¨ ν•  μ μμ–΄μ„ μΆ‹μ•„μ”
μμ–‘4λ™ κ³µμμ£Όμ°¨μ¥,λ² λ¦¬κµ³
μμ–‘4λ™ κ³µμμ£Όμ°¨μ¥,μ£Όλ³€ μ μΌ μ‹Ό μ£Όμ°¨μ¥!
μμ–‘4λ™ κ³µμμ£Όμ°¨μ¥,μΆ‹μ•„μ”.  
μμ–‘4λ™ κ³µμμ£Όμ°¨μ¥,μΆ‹μ•„μ”
μμ–‘4λ™ κ³µμμ£Όμ°¨μ¥,μ£Όμ°¨κ°€ νΈν•΄μ”
μμ–‘4λ™ κ³µμμ£Όμ°¨μ¥,κµΏ
μμ–‘4λ™ κ³µμμ£Όμ°¨μ¥,μ£Όμ°¨λΉ„μ €λ ΄ν•΄μ”
μμ–‘4λ™ κ³µμμ£Όμ°¨μ¥,κµ³
μμ–‘4λ™ κ³µμμ£Όμ°¨μ¥,μμ£Όμ΄μ©ν•΄μ”
μμ–‘4λ™ κ³µμμ£Όμ°¨μ¥,νΈν•΄μ”
μμ–‘4λ™ κ³µμμ£Όμ°¨μ¥,μ£Όμ°¨μ”κΈ λ§μ΅±μ¤λ¬μ›μ”
μμ–‘4λ™ κ³µμμ£Όμ°¨μ¥,μΆ‹μ•„μ”
μμ–‘4λ™ κ³µμμ£Όμ°¨μ¥,μΆ‹μ•„μ” 
μμ–‘4λ™ κ³µμμ£Όμ°¨μ¥,μ£Όμ°¨ν•κΈ° μΆ‹μ•„μ”
μμ–‘4λ™ κ³µμμ£Όμ°¨μ¥,μ €λ ΄ν•΄μ”
μμ–‘4λ™ κ³µμμ£Όμ°¨μ¥,κµ³
μμ–‘4λ™ κ³µμμ£Όμ°¨μ¥,μΆ‹μ•„μ”
μμ–‘4λ™ κ³µμμ£Όμ°¨μ¥,μ£Όμ°¨κ°€ νΈν•΄μ”
μμ–‘4λ™ κ³µμμ£Όμ°¨μ¥,μΆ‹μ•„μ” 
μμ–‘4λ™ κ³µμμ£Όμ°¨μ¥,μΆ‹μ•„μ” 
μμ–‘4λ™ κ³µμμ£Όμ°¨μ¥,2222
μμ–‘4λ™ κ³µμμ£Όμ°¨μ¥,μ£Όμ°¨ν•κΈ° μΆ‹μ•„μ”
μμ–‘4λ™ κ³µμμ£Όμ°¨μ¥,κµΏ
μμ–‘4λ™ κ³µμμ£Όμ°¨μ¥,μ €λ ΄ν•΄μ„ μΆ‹μ•„μ”
μμ–‘4λ™ κ³µμμ£Όμ°¨μ¥,μ£Όμ°¨ν•κΈ°μΆ‹λ‹¤
μμ–‘4λ™ κ³µμμ£Όμ°¨μ¥,μ €λ ΄ν•κ³  νΈλ¦¬ν•΄μ”
μμ–‘4λ™ κ³µμμ£Όμ°¨μ¥,μ €λ ΄ν•κ³  μΆ‹μ•„μ”
μμ–‘4λ™ κ³µμμ£Όμ°¨μ¥,μΆ‹μ•„μ” 
ν™”μ–‘λ™ κ³µμμ£Όμ°¨μ¥,μ‘μ§€λ§ κ³µμμ£Όμ°¨μ¥μ΄λΌ μ£Όμ°¨λΉ„κ°€ μ €λ ΄ν•΄μ„ μΆ‹μ•„μ”.
ν™”μ–‘λ™ κ³µμμ£Όμ°¨μ¥,μΆ‹μ•„μ” 
ν™”μ–‘λ™ κ³µμμ£Όμ°¨μ¥,κµΏ
ν™”μ–‘λ™ κ³µμμ£Όμ°¨μ¥,κµΏ
ν™”μ–‘λ™ κ³µμμ£Όμ°¨μ¥,κµΏ
ν™”μ–‘λ™ κ³µμμ£Όμ°¨μ¥,γ…γ…
ν™”μ–‘λ™ κ³µμμ£Όμ°¨μ¥,μΆ‹μ•„μ”
ν™”μ–‘λ™ κ³µμμ£Όμ°¨μ¥,λ„λ¬΄ μΆμ•„μ”
ν™”μ–‘λ™ κ³µμμ£Όμ°¨μ¥,κµΏ
ν™”μ–‘λ™ κ³µμμ£Όμ°¨μ¥,κ³µμμ£Όμ°¨μ¥μ΄λΌ λ‹¤λ¥Έκ³³λ³΄λ‹¤ μ£Όμ°¨λΉ„ μ €λ ΄ν•΄μ„ μΆ‹μ
ν™”μ–‘λ™ κ³µμμ£Όμ°¨μ¥,.
ν™”μ–‘λ™ κ³µμμ£Όμ°¨μ¥,.
ν™”μ–‘λ™ κ³µμμ£Όμ°¨μ¥,μ΅°μ•„μ”
ν™”μ–‘λ™ κ³µμμ£Όμ°¨μ¥,μΆ‹μ•„μ”
ν™”μ–‘λ™ κ³µμμ£Όμ°¨μ¥,κ±΄λ€μ…κµ¬μ—­μ—μ„λ” μ΅°κΈ κ±°λ¦¬κ°€ μμ§€λ§ μ£Όμ°¨ κ³µκ°„λ„ λ„“κ³  κ΄μ°®μµλ‹λ‹¤ !
ν™”μ–‘λ™ κ³µμμ£Όμ°¨μ¥,γ…
ν™”μ–‘λ™ κ³µμμ£Όμ°¨μ¥,ν‰μΌμ— λ¶€λ‹΄μ—†μ΄ μ£Όμ°¨ν•κΈ° μΆ‹μ•„μ”
ν™”μ–‘λ™ κ³µμμ£Όμ°¨μ¥,κµΏ
ν™”μ–‘λ™ κ³µμμ£Όμ°¨μ¥,.
ν™”μ–‘λ™ κ³µμμ£Όμ°¨μ¥,μΆ‹μ•„μ”
ν™”μ–‘λ™ κ³µμμ£Όμ°¨μ¥,κ°μ‚¬ν•©λ‹λ‹¤ 
ν™”μ–‘λ™ κ³µμμ£Όμ°¨μ¥,κµΏ
ν™”μ–‘λ™ κ³µμμ£Όμ°¨μ¥,.
ν™”μ–‘λ™ κ³µμμ£Όμ°¨μ¥,.
ν™”μ–‘λ™ κ³µμμ£Όμ°¨μ¥,κ±΄λ€λ¨Ήμκ³¨λ© κ³µμμ£Όμ°¨μ¥μ”
ν™”μ–‘λ™ κ³µμμ£Όμ°¨μ¥,.
ν™”μ–‘λ™ κ³µμμ£Όμ°¨μ¥,.
ν™”μ–‘λ™ κ³µμμ£Όμ°¨μ¥,κ±΄λ€ κ·Όμ² μ£Όμ°¨μ¥ γ…γ… μΆ‹μ•„μ”
ν™”μ–‘λ™ κ³µμμ£Όμ°¨μ¥,κµΏ
ν™”μ–‘λ™ κ³µμμ£Όμ°¨μ¥,λ”±μ§€ λ–Όμ΄λ” κ±°λ³΄λ‹¤ κ³µμμ£Όμ°¨μμ—
ν™”μ–‘λ™ κ³µμμ£Όμ°¨μ¥,μ €λ ΄ν•©λ‹λ‹¤
ν™”μ–‘λ™ κ³µμμ£Όμ°¨μ¥,μ €λ ΄ν•΄μ”
ν™”μ–‘λ™ κ³µμμ£Όμ°¨μ¥,μ΄μ©ν•κΈ° νΈν•΄μ”
ν™”μ–‘λ™ κ³µμμ£Όμ°¨μ¥,μ£Όμ°¨μ¥ μΆ‹μ•„μ”.κ°μ‚¬ν•΄μ”.
ν™”μ–‘λ™ κ³µμμ£Όμ°¨μ¥,νΈλ¦¬ν•΄μ” 
ν™”μ–‘λ™ κ³µμμ£Όμ°¨μ¥,"μ‹κ°„λ‹Ή 1,800μ›

κ±΄λ€μ— λ†€λ• κ±΄λ¬Όμ— μ£Όμ°¨μ¥ μ—†μ„λ• μ΄μ©ν•κΈ° μΆ‹μ•„μ”!!"
ν™”μ–‘λ™ κ³µμμ£Όμ°¨μ¥,κΈ‹
ν™”μ–‘λ™ κ³µμμ£Όμ°¨μ¥,κµΏκµΏ
ν™”μ–‘λ™ κ³µμμ£Όμ°¨μ¥,μΆ‹μ•„μ”
λ¥λ™κ³µμμ£Όμ°¨μ¥,5.1λ¶€ν„° 5λ¶„μ— 200μ›μΌλ΅ μΈμƒλλ‹¤κ³  ν•©λ‹λ‹Ή
λ¥λ™κ³µμμ£Όμ°¨μ¥,μ„μΈμ—μ„ κ³µμμ£Όμ°¨μ¥μ€ κ°€λ­„μ— λ‹¨λΉ„
λ¥λ™κ³µμμ£Όμ°¨μ¥,μΆ‹μ•„μ” 
λ¥λ™κ³µμμ£Όμ°¨μ¥,κµΏ
λ¥λ™κ³µμμ£Όμ°¨μ¥,μ–΄λ¦°μ΄μ—°κ·Ή λ³΄λ¬μ™”λ‹¤κ°€ μ—°κ·Ή λ³΄λ©΄ ν• μΈν‹°μΌ“ μ¤μ„ μ£Όμ°¨ ν•λ‹ μ €λ ΄ν•©λ‹λ‹¤.
λ¥λ™κ³µμμ£Όμ°¨μ¥,.
λ¥λ™κ³µμμ£Όμ°¨μ¥,κ·Έλ­μ €λ­ κ΄μ°®μ•„μ”
λ¥λ™κ³µμμ£Όμ°¨μ¥,μ£Όμ°¨ν•κΈ°νΈν•΄μ”
λ¥λ™κ³µμμ£Όμ°¨μ¥,μ£Όμ°¨ κ³µκ°„ λ„“μ–΄μ”
λ¥λ™κ³µμμ£Όμ°¨μ¥,"λ„“κ³  μΆ‹μ•„μ”
κµ°μμ—­ λ†€λ¬κ°λ• λ€κΈ° μΆ‹μ"
λ¥λ™κ³µμμ£Όμ°¨μ¥,κµ³
λ¥λ™κ³µμμ£Όμ°¨μ¥,κµ³
λ¥λ™κ³µμμ£Όμ°¨μ¥,μ΅°μ•„μ” 
λ¥λ™κ³µμμ£Όμ°¨μ¥,μ €κ³µν•΄μλ™μ°¨μΈλ° ν• μΈμ΄ μ•λλ„¤μ”
λ¥λ™κ³µμμ£Όμ°¨μ¥,γ…‹
λ¥λ™κ³µμμ£Όμ°¨μ¥,μΆ‹μ•„μ”
λ¥λ™κ³µμμ£Όμ°¨μ¥,μΆκΈ΄ν•λ° μ΄μ©ν•κΈ°μ—” λ¬΄λ¦¬μ—†μ–΄μ”
λ¥λ™κ³µμμ£Όμ°¨μ¥,κµ³
λ¥λ™κ³µμμ£Όμ°¨μ¥,μ¶μ°¨ν•κΈ° μ΅°κΈ λ¶νΈν•΄μ”
λ¥λ™κ³µμμ£Όμ°¨μ¥,μ£Όμ°¨μ¥μ΄ μΆμ•„μ”
λ¥λ™κ³µμμ£Όμ°¨μ¥,μ‰λ‹λ‹¤ μ‹Έμ”
λ¥λ™κ³µμμ£Όμ°¨μ¥,μ£Όμ°¨μ”κΈμ΄ μ €λ ΄ν•©λ‹λ‹¤ 
λ¥λ™κ³µμμ£Όμ°¨μ¥,μΆ‹μ•„μ”
λ¥λ™κ³µμμ£Όμ°¨μ¥,κµΏκµΏ
λ¥λ™κ³µμμ£Όμ°¨μ¥,μΆ‹μ•„μ”
λ¥λ™κ³µμμ£Όμ°¨μ¥,γ……
λ¥λ™κ³µμμ£Όμ°¨μ¥,μ°¨κ°€ λ§μ§€λ§ κΈ°λ‹¤λ Έλ‹¤ μ£Όμ°¨ν•λ©΄ μΆ‹μ•„μ”
λ¥λ™κ³µμμ£Όμ°¨μ¥,κµΏ
λ¥λ™κ³µμμ£Όμ°¨μ¥,κµΏ
λ¥λ™κ³µμμ£Όμ°¨μ¥,κµΏ
λ¥λ™κ³µμμ£Όμ°¨μ¥,κµΏ
λ¥λ™κ³µμμ£Όμ°¨μ¥,μΉμ ν•΄μ”
λ¥λ™κ³µμμ£Όμ°¨μ¥,μ£Όμ°¨ νΈν•΄μ”
λ¥λ™κ³µμμ£Όμ°¨μ¥,γ†γ†
λ¥λ™κ³µμμ£Όμ°¨μ¥,κµΏ
λ¥λ™κ³µμμ£Όμ°¨μ¥,μ €λ ΄ν•΄μ”
λ¥λ™κ³µμμ£Όμ°¨μ¥,μ €λ ΄ν•΄μ”
λ¥λ™κ³µμμ£Όμ°¨μ¥,μ…κµ¬κ°€ λ„λ¬΄ μΆμ•„μ” γ…γ…
λ¥λ™κ³µμμ£Όμ°¨μ¥,κµΏ
κµ¬μ1λ™ κ³µμμ£Όμ°¨μ¥,κµΏ μ €λ ΄ν•΄μ”
κµ¬μ1λ™ κ³µμμ£Όμ°¨μ¥,κµΏ
κµ¬μ1λ™ κ³µμμ£Όμ°¨μ¥,κ²½μ°¨ν• μΈλμ„ λ„λ¬΄ μΆ‹μ•„μ”~~
κµ¬μ1λ™ κ³µμμ£Όμ°¨μ¥,κ²½μ°¨ν• μΈ κ°κΏ€
κµ¬μ1λ™ κ³µμμ£Όμ°¨μ¥,μΆ‹μ•„μ”
κµ¬μ1λ™ κ³µμμ£Όμ°¨μ¥,μ €λ ΄ν•΄μ”
κµ¬μ1λ™ κ³µμμ£Όμ°¨μ¥,γ…£
κµ¬μ1λ™ κ³µμμ£Όμ°¨μ¥,γ…΅
κµ¬μ1λ™ κ³µμμ£Όμ°¨μ¥,λ°©λ¬Έ
κµ¬μ1λ™ κ³µμμ£Όμ°¨μ¥,μ£Όμ°¨ν•κΈ° μΆ‹μ•„μ”
κµ¬μ1λ™ κ³µμμ£Όμ°¨μ¥,μ£Όμ°¨κ°€ νΈν•΄μ”
κµ¬μ1λ™ κ³µμμ£Όμ°¨μ¥,μ£Όμ°¨ν•κΈ° νΈν•΄μ” 
κµ¬μ1λ™ κ³µμμ£Όμ°¨μ¥,μΉμ ν•κ³  νΈν•΄μ”
κµ¬μ1λ™ κ³µμμ£Όμ°¨μ¥,κµΏ
κµ¬μ1λ™ κ³µμμ£Όμ°¨μ¥,κΈ°κ³„μ‹ μ£Όμ°¨μ¥μ΄λΌμ„ μ…μ¶μ°¨ κ³Όμ •μ΄ μ΅°κΈ λ²κ±°λ΅­μ§€λ§ μ§μ›λ¶„μ΄ μ…μ¶μ°¨λ¥Ό λ„μ™€μ£Όμ‹κΈ° λ•λ¬Έμ— μ–΄λ ¤μ΄ κ±΄ μ—†μ—μµλ‹λ‹¤. κ²½μ°¨ λ“± ν• μΈμ΄ μ μ©λλ” μ°¨λ‰μ€ μ¶μ°¨ μ „ λ―Έλ¦¬ μ΄μ•ΌκΈ°ν•΄μ•Ό ν• μΈ μ μ©λ©λ‹λ‹¤.
κµ¬μ1λ™ κ³µμμ£Όμ°¨μ¥,κµΏκµΏ
κµ¬μ1λ™ κ³µμμ£Όμ°¨μ¥,μ•λ‚΄ν•΄μ£Όμ‹λ” λ¶„ μΉμ ν•μ„Έμ”
κµ¬μ1λ™ κ³µμμ£Όμ°¨μ¥,.
κµ¬μ1λ™ κ³µμμ£Όμ°¨μ¥,μΆ‹μ•„μ”
κµ¬μ1λ™ κ³µμμ£Όμ°¨μ¥,μ£Όμ°¨μ¥ μΆ‹μµλ‹λ‹¤ ν• μΈλ°›μ•„ λ” μΆ‹μµλ‹λ‹¤ μ™„μΆ‹μµλ‹λ‹¤~~~~
κµ¬μ1λ™ κ³µμμ£Όμ°¨μ¥,μΆ‹μ•„μ”
κµ¬μ1λ™ κ³µμμ£Όμ°¨μ¥,μμ΄μ©
κµ¬μ1λ™ κ³µμμ£Όμ°¨μ¥,μ§μ›λ¶„ μΉμ ν•μ‹­λ‹λ‹¤
κµ¬μ1λ™ κ³µμμ£Όμ°¨μ¥,.
κµ¬μ1λ™ κ³µμμ£Όμ°¨μ¥,.
κµ¬μ1λ™ κ³µμμ£Όμ°¨μ¥,λ¨Ήμκ³¨λ© μ• μ©μ‹ κΌ­ ν•„μ”ν• μ£Όμ°¨μ¥μ…λ‹λ‹¤.
κµ¬μ1λ™ κ³µμμ£Όμ°¨μ¥,κ³µμμ£Όμ°¨μ¥μ΄λΌ μ €λ ΄ν•΄μ”.  μ²μ μ΄μ©ν–λ”λ° μ§μ›λ¶„λ“¤μ΄ μΉμ ν•κ² μ•λ‚΄ν•΄μ£Όμ‹λ„¤μ”
κµ¬μ1λ™ κ³µμμ£Όμ°¨μ¥,μƒμΉκΈ° κ΄€λ¦¬μΆ€μ”β οΈ
κµ¬μ1λ™ κ³µμμ£Όμ°¨μ¥,μΆ‹μ•„μ”
κµ¬μ1λ™ κ³µμμ£Όμ°¨μ¥,κµΏ
κµ¬μ1λ™ κ³µμμ£Όμ°¨μ¥,κµΏ
κµ¬μ1λ™ κ³µμμ£Όμ°¨μ¥,μΆ‹μ•„μ”
κµ¬μ1λ™ κ³µμμ£Όμ°¨μ¥,μΆ‹μ•„μ” 
κµ¬μ1λ™ κ³µμμ£Όμ°¨μ¥,λ¶μΉμ ν•΄μ”
κµ¬μ1λ™ κ³µμμ£Όμ°¨μ¥,"κΈ°κ³„μ‹ μ²μμ΄μ©ν•΄λ΄¤λ”λ°
μΉμ ν•κ² μ„¤λ…ν•΄μ£Όμ…¨μ–΄μ”"
κµ¬μ1λ™ κ³µμμ£Όμ°¨μ¥,κ³µμμ£Όμ°¨μ¥ μ£Όμ°¨
κµ¬μ1λ™ κ³µμμ£Όμ°¨μ¥,κµΏ
κµ¬μ1λ™ κ³µμμ£Όμ°¨μ¥,μ£Όμ°¨ μ§μ› μΉμ  ν•μ„Έμ”
κµ¬μ1λ™ κ³µμμ£Όμ°¨μ¥,μ‹Έκ³  μΆ‹μ•„μ”
κ΄‘μ§„κ΄‘μ¥ κ³µμμ£Όμ°¨μ¥,μΆ‹μ•„μ”
κ΄‘μ§„κ΄‘μ¥ κ³µμμ£Όμ°¨μ¥,μΆ‹μ•„μ”
κ΄‘μ§„κ΄‘μ¥ κ³µμμ£Όμ°¨μ¥,μ£Όμ°¨κ°€ νΈν•΄μ” κ°€λ” κΈ°λ‹¤λ ¤μ•Ό ν•΄μ”
κ΄‘μ§„κ΄‘μ¥ κ³µμμ£Όμ°¨μ¥,μΆ‹μ•„μ” 
κ΄‘μ§„κ΄‘μ¥ κ³µμμ£Όμ°¨μ¥,κ°€λ” μ΄μ©ν•λ”λ° μΆ‹μµλ‹λ‹¤
κ΄‘μ§„κ΄‘μ¥ κ³µμμ£Όμ°¨μ¥,μ£Όμ°¨ν•κΈ° μΆ‹μ€κ³³
κ΄‘μ§„κ΄‘μ¥ κ³µμμ£Όμ°¨μ¥,"μ£Όμ°¨ν• κ³³ λ§λ•…ν•μ§€μ•μ•λ”λ€
μ—¬μ„±μ „μ©μ£Όμ°¨κ³µκ°„μμ–΄ κµΏμ΄μ”"
κ΄‘μ§„κ΄‘μ¥ κ³µμμ£Όμ°¨μ¥,μΌλ° μ£Όμ°¨μ¥ λ³΄λ‹¤ μ£Όμ°¨λΉ„ μ €λ ΄ν•΄μ„ μΆ‹μ•„μ”.
κ΄‘μ§„κ΄‘μ¥ κ³µμμ£Όμ°¨μ¥,μΉμ ν•΄μ”
κ΄‘μ§„κ΄‘μ¥ κ³µμμ£Όμ°¨μ¥,μ£Όμ°¨ κ³µκ°„μ΄ μΆ€ λ¶€μ΅±ν•΄μ” 
κ΄‘μ§„κ΄‘μ¥ κ³µμμ£Όμ°¨μ¥,νΈν•κ² μ£Όμ°¨ν•κ³   μ €κ³µν•΄ μ°¨λ‰μ΄λΌ ν• μΈλ„ λ°›μ•μµλ‹λ‹¤.  μΌμ • μ μ†ν™”ν•κ³   μ£Όμ°¨μ¥ μ μ‚¬μ©ν–μµλ‹λ‹¤
κ΄‘μ§„κ΄‘μ¥ κ³µμμ£Όμ°¨μ¥,α†Ά
κ΄‘μ§„κ΄‘μ¥ κ³µμμ£Όμ°¨μ¥,κ³µμμ£Όμ°¨μ¥ ν‘μ†ν•΄μ” μΌμ”μΌμ— λ°©λ¬Έν•΄μ„μΈμ§€ λ§μ°¨μ—¬μ„ λ°–μ—μ„ λ€κΈ° ν•λ‹¤κ°€ λ“¤μ–΄κ°μ μμ—κµ¬μ” λ‡μ‹κ°„μ΄μƒμ€ μΌμΌμ£Όμ°¨λ΅ ν•΄μ£Όλ” κ·Έλ°κ±° μ—†μµλ‹λ‹¤ 1μ‹κ°„μ— 3000μ› μ΄μ”
κ΄‘μ§„κ΄‘μ¥ κ³µμμ£Όμ°¨μ¥,μ£Όμ°¨μ¥μ΄ μ‘μ•„μ„ μΆ€ κΈ°λ‹¤λ ¤μ•Όν•΄μ”
κ΄‘μ§„κ΄‘μ¥ κ³µμμ£Όμ°¨μ¥,μ£Όμ°¨κ³µκ°„μ΄ μ μ–΄μ„ λ¶νΈν•΄μ”
κ΄‘μ§„κ΄‘μ¥ κ³µμμ£Όμ°¨μ¥,.
κ΄‘μ§„κ΄‘μ¥ κ³µμμ£Όμ°¨μ¥,μΆ‹μ•„μ”!
κ΄‘μ§„κ΄‘μ¥ κ³µμμ£Όμ°¨μ¥,μΆ‹μ•„μ”!
κ΄‘μ§„κ΄‘μ¥ κ³µμμ£Όμ°¨μ¥,κµΏ
κ΄‘μ§„κ΄‘μ¥ κ³µμμ£Όμ°¨μ¥,κµΏ
κ΄‘μ§„κ΄‘μ¥ κ³µμμ£Όμ°¨μ¥,μΆ‹μ•„μ”
κ΄‘μ§„κ΄‘μ¥ κ³µμμ£Όμ°¨μ¥,1μ‹κ°„25λ¶„ 4200μ›
κ΄‘μ§„κ΄‘μ¥ κ³µμμ£Όμ°¨μ¥,κµΏ
κ΄‘μ§„κ΄‘μ¥ κ³µμμ£Όμ°¨μ¥,κµΏ
κ΄‘μ§„κ΄‘μ¥ κ³µμμ£Όμ°¨μ¥,κµΏ
κ΄‘μ§„κ΄‘μ¥ κ³µμμ£Όμ°¨μ¥,μΉμ ν•΄μ” 
κ΄‘μ§„κ΄‘μ¥ κ³µμμ£Όμ°¨μ¥,μΌμ£ΌμΌμ— ν•λ²μ€ κΌ­ λ°©λ¬Έν•λ”κ³³μ΄μ£ 
κ΄‘μ§„κ΄‘μ¥ κ³µμμ£Όμ°¨μ¥,μ£Όμ°¨νΈν•΄μ”
κ΄‘μ§„κ΄‘μ¥ κ³µμμ£Όμ°¨μ¥,μ£Όμ°¨μΆ‹μ•„μ”
κ΄‘μ§„κ΄‘μ¥ κ³µμμ£Όμ°¨μ¥,κµΏ
κ΄‘μ§„κ΄‘μ¥ κ³µμμ£Όμ°¨μ¥,μ €λ…μ΄λ‚ μ£Όλ§μ—” κ±°μ λ§μ²
κ΄‘μ§„κ΄‘μ¥ κ³µμμ£Όμ°¨μ¥,κµΏ
κ΄‘μ§„κ΄‘μ¥ κ³µμμ£Όμ°¨μ¥,κµΏ
κ΄‘μ§„κ΄‘μ¥ κ³µμμ£Όμ°¨μ¥,λ„λ¬΄ μΆμ•„μ”
κ΄‘μ§„κ΄‘μ¥ κ³µμμ£Όμ°¨μ¥,μλ¦¬κ°€ λ§μ§€λ” μ•μ•„μ”! γ… γ… κΈ°λ‹¤λ ¤μ•Όν•λ” κ²½μ°λ„ μΆ…μΆ… μλ”λΌκµ¬μ” γ… 
κ΄‘μ§„κ΄‘μ¥ κ³µμμ£Όμ°¨μ¥,μ£Όμ°¨μ¥ μΆ€λ§ λ” λ„“μ—μΌλ©΄..
κ΄‘μ§„κ΄‘μ¥ κ³µμμ£Όμ°¨μ¥,"λ§μ°¨κ°€ μμ£ΌλκΈ΄ ν•λ”λ°
κ·Έλλ„ κ³µμμ£Όμ°¨μ¥μ΄ μμ–΄ 
λ‹¤ν–‰μ…λ‹λ‹¤"
κ΄‘μ§„κ΄‘μ¥ κ³µμμ£Όμ°¨μ¥,κµΏ
κ΄‘μ§„κ΄‘μ¥ κ³µμμ£Όμ°¨μ¥,μΉμ ν•κ³  λ„“μ–΄μ”
κµ¬μ3λ™ κ³µμμ£Όμ°¨μ¥,μ €λ ΄ν•κ³  μΆ‹μ•„μ”
κµ¬μ3λ™ κ³µμμ£Όμ°¨μ¥,κµΏ
κµ¬μ3λ™ κ³µμμ£Όμ°¨μ¥,λ„λ¬΄ νΈν•κ³  μΉμ ν•΄μ”
κµ¬μ3λ™ κ³µμμ£Όμ°¨μ¥,νΈλ¦¬ν•΄μ”
κµ¬μ3λ™ κ³µμμ£Όμ°¨μ¥,μ €λ ΄ν•κ³  λ„“μ–΄μ”
κµ¬μ3λ™ κ³µμμ£Όμ°¨μ¥,γ…
κµ¬μ3λ™ κ³µμμ£Όμ°¨μ¥,κµΏ
κµ¬μ3λ™ κ³µμμ£Όμ°¨μ¥,.
κµ¬μ3λ™ κ³µμμ£Όμ°¨μ¥,μΆ‹μ•„μ”
κµ¬μ3λ™ κ³µμμ£Όμ°¨μ¥,μΉμ ν•κ³  λ¶λ²•μ£Όμ°¨ μ—†μ–΄μ„ μΆ‹μ•„μ”
κµ¬μ3λ™ κ³µμμ£Όμ°¨μ¥,μΆ‹μ•„μ”μΆ‹μ•„μ”
κµ¬μ3λ™ κ³µμμ£Όμ°¨μ¥,κ³µμμ£Όμ°¨μ¥μ΄ μμ–΄ νΈλ¦¬ν•λ„¤μ”
κµ¬μ3λ™ κ³µμμ£Όμ°¨μ¥,κ·Όμ²μ— μ£Όμ°¨κ³µκ°„μ—†μ„ λ• νΈλ¦¬ν•κ² μ΄μ©ν•  μ μμ–΄ μΆ‹μµλ‹λ‹¤.
κµ¬μ3λ™ κ³µμμ£Όμ°¨μ¥,νΈν•΄μ”
κµ¬μ3λ™ κ³µμμ£Όμ°¨μ¥,μ €λ ΄ν•κ² μ΄μ©ν•  μμμµλ‹λ‹¤
κµ¬μ3λ™ κ³µμμ£Όμ°¨μ¥,Good
κµ¬μ3λ™ κ³µμμ£Όμ°¨μ¥,νΈλ¦¬ν•΄μ”
κµ¬μ3λ™ κ³µμμ£Όμ°¨μ¥,μΆ‹μ•„μ”
κµ¬μ3λ™ κ³µμμ£Όμ°¨μ¥,νΈλ¦¬ν•΄μ”
κµ¬μ3λ™ κ³µμμ£Όμ°¨μ¥,νΈλ¦¬ν•΄μ”
κµ¬μ3λ™ κ³µμμ£Όμ°¨μ¥,κµΏ
κµ¬μ3λ™ κ³µμμ£Όμ°¨μ¥,.
κµ¬μ3λ™ κ³µμμ£Όμ°¨μ¥,λ‹¤ μΆ‹μ€λ° μ£Όμ°¨μΉΈμ΄ λ„ μ‘μ•„μ”π¨
κµ¬μ3λ™ κ³µμμ£Όμ°¨μ¥,μΆ‹μ•„μ”
κµ¬μ3λ™ κ³µμμ£Όμ°¨μ¥,κµ³
κµ¬μ3λ™ κ³µμμ£Όμ°¨μ¥,β†β†β†
κµ¬μ3λ™ κ³µμμ£Όμ°¨μ¥,μΆ‹μ•„μ” 
κµ¬μ3λ™ κ³µμμ£Όμ°¨μ¥,κµΏ
κµ¬μ3λ™ κ³µμμ£Όμ°¨μ¥,"κ°€κ²©μ€μ°©ν•λ°
μƒλ²½μ—κ³„λ‹¨λ¶μ΄μ•μΌμ €μ„
μΆ€λ¬΄μ„­λ”λ¦¬κ³ μ”"
κµ¬μ3λ™ κ³µμμ£Όμ°¨μ¥,λ„“μ
κµ¬μ3λ™ κ³µμμ£Όμ°¨μ¥,μΆ‹μ•„μ” 
κµ¬μ3λ™ κ³µμμ£Όμ°¨μ¥,κµΏ
κµ¬μ3λ™ κ³µμμ£Όμ°¨μ¥,κµΏ
κµ¬μ3λ™ κ³µμμ£Όμ°¨μ¥,κµΏ
κµ¬μ3λ™ κ³µμμ£Όμ°¨μ¥,μ—¬κΈ° SUV μ£Όμ°¨λ¶κ°€ν•κ³  μ†ν•μ°¨λ§ λμ”.
κµ¬μ3λ™ κ³µμμ£Όμ°¨μ¥,μ°¨ λ€κΈ° μΆ‹μ•„μ”
κµ¬μ3λ™ κ³µμμ£Όμ°¨μ¥,γ…‡
κµ¬μ3λ™ κ³µμμ£Όμ°¨μ¥,ν 
κµ¬μ3λ™ κ³µμμ£Όμ°¨μ¥,γ…
κµ¬μ3λ™ κ³µμμ£Όμ°¨μ¥,μμμ¦ μΈμ¦
μμ–‘μ μμ§€ κ³µμμ£Όμ°¨μ¥,.
μμ–‘μ μμ§€ κ³µμμ£Όμ°¨μ¥,λ„λ„ν•΄μ”
μμ–‘μ μμ§€ κ³µμμ£Όμ°¨μ¥,κµΏ
μμ–‘μ μμ§€ κ³µμμ£Όμ°¨μ¥,κµΏ
μμ–‘μ μμ§€ κ³µμμ£Όμ°¨μ¥,μ£Όλ§μ—” μ—¬κΈ°λ§ν•κ³³μ΄ μ—†λ„¤μ”
μ¤‘κ³΅3λ™κ³µμμ£Όμ°¨μ¥,μ£Όμ°¨ν•κΈ° μΆ‹μ•„μ”. μλ¦¬λ„ λ„“μ–΄μ”.
μ¤‘κ³΅3λ™κ³µμμ£Όμ°¨μ¥,κµΏ
μ¤‘κ³΅3λ™κ³µμμ£Όμ°¨μ¥,κµΏ
μ¤‘κ³΅3λ™κ³µμμ£Όμ°¨μ¥,μΆ‹μ•„μ” 
μ¤‘κ³΅3λ™κ³µμμ£Όμ°¨μ¥,κµΏ
μ¤‘κ³΅3λ™κ³µμμ£Όμ°¨μ¥,μΆ‹μ•„μ”
μ¤‘κ³΅3λ™κ³µμμ£Όμ°¨μ¥,γ…
μ¤‘κ³΅3λ™κ³µμμ£Όμ°¨μ¥,μΆ‹μ΄μ”
μ¤‘κ³΅3λ™κ³µμμ£Όμ°¨μ¥,μΆ‹μ•„μ”
μ¤‘κ³΅3λ™κ³µμμ£Όμ°¨μ¥,μΆ‹μ•„μ” 
μ¤‘κ³΅3λ™κ³µμμ£Όμ°¨μ¥,μ €λ ΄
μ¤‘κ³΅3λ™κ³µμμ£Όμ°¨μ¥,κµΏ
μ¤‘κ³΅3λ™κ³µμμ£Όμ°¨μ¥,μΆ‹μ•„μ” 
μ¤‘κ³΅3λ™κ³µμμ£Όμ°¨μ¥,κµΏ
μ¤‘κ³΅3λ™κ³µμμ£Όμ°¨μ¥,κµΏ
μ¤‘κ³΅3λ™κ³µμμ£Όμ°¨μ¥,κµΏ
μ¤‘κ³΅3λ™κ³µμμ£Όμ°¨μ¥,μ΅°μ•„μ”
μ¤‘κ³΅3λ™κ³µμμ£Όμ°¨μ¥,κµΏ
μ¤‘κ³΅3λ™κ³µμμ£Όμ°¨μ¥,κµΏ
μ¤‘κ³΅3λ™κ³µμμ£Όμ°¨μ¥,μΆ‹μ•„μ” 
μ¤‘κ³΅3λ™κ³µμμ£Όμ°¨μ¥,ν†µν–‰λ£λ” ν•μ΄π™‹ν¨μ¤λ΅~
μ¤‘κ³΅3λ™κ³µμμ£Όμ°¨μ¥,μΆ‹μ•„μ”
μ¤‘κ³΅3λ™κ³µμμ£Όμ°¨μ¥,μΆ‹μ•„μ”
μ¤‘κ³΅3λ™κ³µμμ£Όμ°¨μ¥,κµΏ
μ¤‘κ³΅3λ™κ³µμμ£Όμ°¨μ¥,κµΏ
μ¤‘κ³΅3λ™κ³µμμ£Όμ°¨μ¥,μΆ‹μ•„μ”
κµ¬μ2λ™κ³µμμ£Όμ°¨μ¥,μ£Όμ°¨ν•κΈ° μΆ‹μ•„μ”
κµ¬μ2λ™κ³µμμ£Όμ°¨μ¥,μΆ‹μ•„μ” 
κµ¬μ2λ™κ³µμμ£Όμ°¨μ¥,:)
κµ¬μ2λ™κ³µμμ£Όμ°¨μ¥,μΆ‹μ•„μ” 
κµ¬μ2λ™κ³µμμ£Όμ°¨μ¥,μΆ‹μ•„μ” 
κµ¬μ2λ™κ³µμμ£Όμ°¨μ¥,κµΏ
κµ¬μ2λ™κ³µμμ£Όμ°¨μ¥,μ§€ν•μ£Όμ°¨μ¥μ€ λ“¤μ–΄κ°€λ©΄ λ§μ°¨λΌ μ°¨λλ ¤λ‚μ¤κΈ° κ²λ‚νλ“λ„¤μ” λ‹¤λ¥Έλ¶„μ€ λ’¤λ΅ μ°¨λΉΌλ‹¤κ°€ μ°¨λ‹¨κΈ° λ°•μ.γ… γ… κ·Έλ¦¬κ³  λ§μ°¨λ„μ•„λ‹λ° λ°–μ— ν‘μ§€λ” λ§μ°¨? κ΄€λ¦¬κ°€ λλ”κ±΄μ§€ μ•λλ”κ±΄μ§€ μ‹Έλ‹¤κ³  κ·Έλƒ¥ λ§‰ κ·Έλ°κ±΄κ°€?
κµ¬μ2λ™κ³µμμ£Όμ°¨μ¥,κµΏ
κµ¬μ2λ™κ³µμμ£Όμ°¨μ¥,κµΏ
κµ¬μ2λ™κ³µμμ£Όμ°¨μ¥,μΆ‹μ•„μ”
κµ¬μ2λ™κ³µμμ£Όμ°¨μ¥,μΆ‹μ•„μ”
κµ¬μ2λ™κ³µμμ£Όμ°¨μ¥,μΆ‹μ•„μ”
κµ¬μ2λ™κ³µμμ£Όμ°¨μ¥,μ£Όμ°¨ν•κΈ° μΆ‹μ•„μ”!
κµ¬μ2λ™κ³µμμ£Όμ°¨μ¥,μ‹Έκ³  λ„ μΆ‹μ•„μ”~~π‘π‘
κµ¬μ2λ™κ³µμμ£Όμ°¨μ¥,μ£Όμ°¨μ”κΈμ΄ μ €λ ΄ν•΄μ„ μ μ΄μ©ν–μµλ‹λ‹¤ ~~
κµ¬μ2λ™κ³µμμ£Όμ°¨μ¥,ν•μ§€λ―Όλ–΅λ³µμ•„ μ‚¬λ¬κ°λ•
κµ¬μ2λ™κ³µμμ£Όμ°¨μ¥,μΆ‹μ•„μ”
κµ¬μ2λ™κ³µμμ£Όμ°¨μ¥,μΆ‹μ•„μ”
κµ¬μ2λ™κ³µμμ£Όμ°¨μ¥,νΈλ¦¬ν•κ² μ μ΄μ©μ¤‘μ…λ‹λ‹¤
κµ¬μ2λ™κ³µμμ£Όμ°¨μ¥,μΆ‹μ•„μ”
κµ¬μ2λ™κ³µμμ£Όμ°¨μ¥,κ°€κ²©μΆ‹μ•„μ”
κµ¬μ2λ™κ³µμμ£Όμ°¨μ¥,γ…‡γ…‡γ…‡
κµ¬μ2λ™κ³µμμ£Όμ°¨μ¥,μ£Όμ°¨ κ³µκ°„μ΄ λ§μ§€ μ•μ•„μ”γ… 
κµ¬μ2λ™κ³µμμ£Όμ°¨μ¥,μ£Όμ°¨ν•κΈ°νΈν•΄μ”
κµ¬μ2λ™κ³µμμ£Όμ°¨μ¥,μΆ‹μ•„μ”
κµ¬μ2λ™κ³µμμ£Όμ°¨μ¥,γ…
κµ¬μ2λ™κ³µμμ£Όμ°¨μ¥,.
κµ¬μ2λ™κ³µμμ£Όμ°¨μ¥,γ„΄
κµ¬μ2λ™κ³µμμ£Όμ°¨μ¥,γ„±
κµ¬μ2λ™κ³µμμ£Όμ°¨μ¥,γ„±
κµ¬μ2λ™κ³µμμ£Όμ°¨μ¥,γ…
κµ¬μ2λ™κ³µμμ£Όμ°¨μ¥,κµΏ
κµ¬μ2λ™κ³µμμ£Όμ°¨μ¥,μ•„μ°¨μ‚° μ£Όλ³€ μ£Όμ°¨μ¥
κµ¬μ2λ™κ³µμμ£Όμ°¨μ¥,μ£Όμ°¨μ¥ μ΄μ©μ΄ νΈλ¦¬ν•΄μ”
κµ¬μ2λ™κ³µμμ£Όμ°¨μ¥,κµΏ
κµ¬μ2λ™κ³µμμ£Όμ°¨μ¥,κµΏ
κµ¬μ2λ™κ³µμμ£Όμ°¨μ¥,μΉμ ν•΄μ” 
κµ¬μ2λ™κ³µμμ£Όμ°¨μ¥,μ§‘κ·Όμ²λΌ μ§€μΈλ°©λ¬Έμ‹ μ μ΄μ©ν•κ³  μμµλ‹λ‹¤
κµ¬μ2λ™κ³µμμ£Όμ°¨μ¥,κµΏ
κµ¬μ2λ™κ³µμμ£Όμ°¨μ¥,κµΏ
λ™μ„μΈνΈν…”κΈΈA κ³µμμ£Όμ°¨μ¥,λ„λ¬΄ μΆ‹μ•μ–΄μ”~ κ°μ‚¬ν•©λ‹λ‹¤β™΅
λ™μ„μΈνΈν…”κΈΈA κ³µμμ£Όμ°¨μ¥,κµΏ
λμ„¬ν•κ°•κ³µμ› 4μ£Όμ°¨μ¥,κΉ”λ”ν•κ³  μΆ‹μ•„μ”
λμ„¬ν•κ°•κ³µμ› 4μ£Όμ°¨μ¥,κµΏ~
λμ„¬ν•κ°•κ³µμ› 4μ£Όμ°¨μ¥,"κΈ‰ν•κ² μ£Όμ°¨μ¥ μ°Ύλ‹¤κ°€ λ„  γ…—γ…λ„¤μ”"
λμ„¬ν•κ°•κ³µμ› 4μ£Όμ°¨μ¥,γ„·μ£Όμ°¨μ”κΈ 
λμ„¬ν•κ°•κ³µμ› 4μ£Όμ°¨μ¥,λμ„¬ μ 2 μ£Όμ°¨μ¥ - μ£Όλ§ λμ„¬λμ°λ§¤μ¥ μ¨ μ°¨λ‰λ“¤λ΅ κ±°μ μλ¦¬κ°€ μ—†μ—μ§€λ§ κ·Έλλ„ μκΈ΄ μμ—μ. 1μ‹κ°„ κΈ°μ¤€ 1600μ›μ΄κ³  κ·Έλ‹¤μ 1μ‹κ°„λ¶€ν„°λ” 1200μ›.
λμ„¬ν•κ°•κ³µμ› 4μ£Όμ°¨μ¥,μ£Όμ°¨κ°€ νΈν•΄μ”
λμ„¬ν•κ°•κ³µμ› 4μ£Όμ°¨μ¥,"μ£Όμ°¨ν›„ λ†€μ΄ν„°κ°€ κ°€λΌμ› μ• κΈ°λ“¤κ³Ό ν•¨κ»
λ†€κΈ°μΆ‹μ΄μ”~!"
λμ„¬ν•κ°•κ³µμ› 4μ£Όμ°¨μ¥,κµ³
λμ„¬ν•κ°•κ³µμ› 4μ£Όμ°¨μ¥,κµΏ
λμ„¬ν•κ°•κ³µμ› 4μ£Όμ°¨μ¥,μΆ‹μ•„μ”
λμ„¬ν•κ°•κ³µμ› 4μ£Όμ°¨μ¥,κµΏ
λμ„¬ν•κ°•κ³µμ› 4μ£Όμ°¨μ¥,κµΏ
λμ„¬ν•κ°•κ³µμ› 4μ£Όμ°¨μ¥,κµΏ
λμ„¬ν•κ°•κ³µμ› 4μ£Όμ°¨μ¥,ν•κ°•μΆ‹μ•„μ”
λμ„¬ν•κ°•κ³µμ› 4μ£Όμ°¨μ¥,κµΏ
λμ„¬ν•κ°•κ³µμ› 4μ£Όμ°¨μ¥,ν•κ°•κ³µμ› μΆ‹μ•„μ”.
λμ„¬ν•κ°•κ³µμ› 4μ£Όμ°¨μ¥,κµΏ
λμ„¬ν•κ°•κ³µμ› 4μ£Όμ°¨μ¥,γ…‡
λμ„¬ν•κ°•κ³µμ› 4μ£Όμ°¨μ¥,μΆ‹μ•„μ” 
λμ„¬ν•κ°•κ³µμ› 4μ£Όμ°¨μ¥,μΆ‹μ•„μ”
λμ„¬ν•κ°•κ³µμ› 4μ£Όμ°¨μ¥,λ„“μ–΄μ”
λμ„¬ν•κ°•κ³µμ› 4μ£Όμ°¨μ¥,κµΏ
λμ„¬ν•κ°•κ³µμ› 4μ£Όμ°¨μ¥,μ—¬κΈ°λ”λμ„¬μ μ›μ§€μ—­μ— μλ” ν•κ°•κ³µμ›4μ£Όμ°¨μ¥μ…λ‹λ‹¤.λ¬΄μΈμ •μ‚°κ²μ΄νΈμ •μ‚°μ΄λ©° ~μ—°μΈλ“¤λ¶„λ“¤μ΄ λ“λΌμ΄λΈν•λ¬μ™”λ‹¤ μ μ‹μ‰¬λ¬μ¤λ”κ³³κ°™μµλ‹λ‹¤!!γ…‹γ…‹
λμ„¬ν•κ°•κ³µμ› 4μ£Όμ°¨μ¥,γ…‡
λμ„¬ν•κ°•κ³µμ› 4μ£Όμ°¨μ¥,μΆ‹μ•„μ”
λμ„¬ν•κ°•κ³µμ› 4μ£Όμ°¨μ¥,μΆ‹μ•„μ” 
λμ„¬ν•κ°•κ³µμ› 4μ£Όμ°¨μ¥,μΆ‹μ•„μ” 
λμ„¬ν•κ°•κ³µμ› 4μ£Όμ°¨μ¥,μΆ‹μ•„μ”
λμ„¬ν•κ°•κ³µμ› 4μ£Όμ°¨μ¥,κµΏ
λμ„¬ν•κ°•κ³µμ› 4μ£Όμ°¨μ¥,κµΏ
λμ„¬ν•κ°•κ³µμ› 4μ£Όμ°¨μ¥,λ‹¤μλ…€ ν• μΈ κµΏ
λμ„¬ν•κ°•κ³µμ› 4μ£Όμ°¨μ¥,μΆ‹μ•„μ”
λμ„¬ν•κ°•κ³µμ› 4μ£Όμ°¨μ¥,γ…‡γ…‡
λμ„¬ν•κ°•κ³µμ› 4μ£Όμ°¨μ¥,κµΏ
κµ¬μ2λ™μ£Όνƒκ°€ κ³µλ™μ£Όμ°¨μ¥,μ£Όμ°¨ν•κΈ° μΆ‹μ•„μ”
κµ¬μ2λ™μ£Όνƒκ°€ κ³µλ™μ£Όμ°¨μ¥,μΆ‹μ•„μ” 
κµ¬μ2λ™μ£Όνƒκ°€ κ³µλ™μ£Όμ°¨μ¥,:)
κµ¬μ2λ™μ£Όνƒκ°€ κ³µλ™μ£Όμ°¨μ¥,μΆ‹μ•„μ” 
κµ¬μ2λ™μ£Όνƒκ°€ κ³µλ™μ£Όμ°¨μ¥,μΆ‹μ•„μ” 
κµ¬μ2λ™μ£Όνƒκ°€ κ³µλ™μ£Όμ°¨μ¥,κµΏ
κµ¬μ2λ™μ£Όνƒκ°€ κ³µλ™μ£Όμ°¨μ¥,μ§€ν•μ£Όμ°¨μ¥μ€ λ“¤μ–΄κ°€λ©΄ λ§μ°¨λΌ μ°¨λλ ¤λ‚μ¤κΈ° κ²λ‚νλ“λ„¤μ” λ‹¤λ¥Έλ¶„μ€ λ’¤λ΅ μ°¨λΉΌλ‹¤κ°€ μ°¨λ‹¨κΈ° λ°•μ.γ… γ… κ·Έλ¦¬κ³  λ§μ°¨λ„μ•„λ‹λ° λ°–μ— ν‘μ§€λ” λ§μ°¨? κ΄€λ¦¬κ°€ λλ”κ±΄μ§€ μ•λλ”κ±΄μ§€ μ‹Έλ‹¤κ³  κ·Έλƒ¥ λ§‰ κ·Έλ°κ±΄κ°€?
κµ¬μ2λ™μ£Όνƒκ°€ κ³µλ™μ£Όμ°¨μ¥,κµΏ
κµ¬μ2λ™μ£Όνƒκ°€ κ³µλ™μ£Όμ°¨μ¥,κµΏ
κµ¬μ2λ™μ£Όνƒκ°€ κ³µλ™μ£Όμ°¨μ¥,μΆ‹μ•„μ”
κµ¬μ2λ™μ£Όνƒκ°€ κ³µλ™μ£Όμ°¨μ¥,μΆ‹μ•„μ”
κµ¬μ2λ™μ£Όνƒκ°€ κ³µλ™μ£Όμ°¨μ¥,μΆ‹μ•„μ”
κµ¬μ2λ™μ£Όνƒκ°€ κ³µλ™μ£Όμ°¨μ¥,μ£Όμ°¨ν•κΈ° μΆ‹μ•„μ”!
κµ¬μ2λ™μ£Όνƒκ°€ κ³µλ™μ£Όμ°¨μ¥,μ‹Έκ³  λ„ μΆ‹μ•„μ”~~π‘π‘
κµ¬μ2λ™μ£Όνƒκ°€ κ³µλ™μ£Όμ°¨μ¥,μ£Όμ°¨μ”κΈμ΄ μ €λ ΄ν•΄μ„ μ μ΄μ©ν–μµλ‹λ‹¤ ~~
κµ¬μ2λ™μ£Όνƒκ°€ κ³µλ™μ£Όμ°¨μ¥,ν•μ§€λ―Όλ–΅λ³µμ•„ μ‚¬λ¬κ°λ•
κµ¬μ2λ™μ£Όνƒκ°€ κ³µλ™μ£Όμ°¨μ¥,μΆ‹μ•„μ”
κµ¬μ2λ™μ£Όνƒκ°€ κ³µλ™μ£Όμ°¨μ¥,μΆ‹μ•„μ”
κµ¬μ2λ™μ£Όνƒκ°€ κ³µλ™μ£Όμ°¨μ¥,νΈλ¦¬ν•κ² μ μ΄μ©μ¤‘μ…λ‹λ‹¤
κµ¬μ2λ™μ£Όνƒκ°€ κ³µλ™μ£Όμ°¨μ¥,μΆ‹μ•„μ”
κµ¬μ2λ™μ£Όνƒκ°€ κ³µλ™μ£Όμ°¨μ¥,κ°€κ²©μΆ‹μ•„μ”
κµ¬μ2λ™μ£Όνƒκ°€ κ³µλ™μ£Όμ°¨μ¥,γ…‡γ…‡γ…‡
κµ¬μ2λ™μ£Όνƒκ°€ κ³µλ™μ£Όμ°¨μ¥,μ£Όμ°¨ κ³µκ°„μ΄ λ§μ§€ μ•μ•„μ”γ… 
κµ¬μ2λ™μ£Όνƒκ°€ κ³µλ™μ£Όμ°¨μ¥,μ£Όμ°¨ν•κΈ°νΈν•΄μ”
κµ¬μ2λ™μ£Όνƒκ°€ κ³µλ™μ£Όμ°¨μ¥,μΆ‹μ•„μ”
κµ¬μ2λ™μ£Όνƒκ°€ κ³µλ™μ£Όμ°¨μ¥,γ…
κµ¬μ2λ™μ£Όνƒκ°€ κ³µλ™μ£Όμ°¨μ¥,.
κµ¬μ2λ™μ£Όνƒκ°€ κ³µλ™μ£Όμ°¨μ¥,γ„΄
κµ¬μ2λ™μ£Όνƒκ°€ κ³µλ™μ£Όμ°¨μ¥,γ„±
κµ¬μ2λ™μ£Όνƒκ°€ κ³µλ™μ£Όμ°¨μ¥,γ„±
κµ¬μ2λ™μ£Όνƒκ°€ κ³µλ™μ£Όμ°¨μ¥,γ…
κµ¬μ2λ™μ£Όνƒκ°€ κ³µλ™μ£Όμ°¨μ¥,κµΏ
κµ¬μ2λ™μ£Όνƒκ°€ κ³µλ™μ£Όμ°¨μ¥,μ•„μ°¨μ‚° μ£Όλ³€ μ£Όμ°¨μ¥
κµ¬μ2λ™μ£Όνƒκ°€ κ³µλ™μ£Όμ°¨μ¥,μ£Όμ°¨μ¥ μ΄μ©μ΄ νΈλ¦¬ν•΄μ”
κµ¬μ2λ™μ£Όνƒκ°€ κ³µλ™μ£Όμ°¨μ¥,κµΏ
κµ¬μ2λ™μ£Όνƒκ°€ κ³µλ™μ£Όμ°¨μ¥,κµΏ
κµ¬μ2λ™μ£Όνƒκ°€ κ³µλ™μ£Όμ°¨μ¥,μΉμ ν•΄μ” 
κµ¬μ2λ™μ£Όνƒκ°€ κ³µλ™μ£Όμ°¨μ¥,μ§‘κ·Όμ²λΌ μ§€μΈλ°©λ¬Έμ‹ μ μ΄μ©ν•κ³  μμµλ‹λ‹¤
κµ¬μ2λ™μ£Όνƒκ°€ κ³µλ™μ£Όμ°¨μ¥,κµΏ
κµ¬μ2λ™μ£Όνƒκ°€ κ³µλ™μ£Όμ°¨μ¥,κµΏ
λ™μ„μΈνΈν…”κΈΈB κ³µμμ£Όμ°¨μ¥,μ£Όμ°¨λ£κ°€ λ°”μ‹Έμ”γ… 
λ™μ„μΈνΈν…”κΈΈB κ³µμμ£Όμ°¨μ¥,κµΏ
λ™μ„μΈνΈν…”κΈΈB κ³µμμ£Όμ°¨μ¥,μ €λ ΄
λ™μ„μΈνΈν…”κΈΈB κ³µμμ£Όμ°¨μ¥,μΉμ ν•΄μ” 
λ™μ„μΈνΈν…”κΈΈB κ³µμμ£Όμ°¨μ¥,κµΏ
λ™μ„μΈνΈν…”κΈΈB κ³µμμ£Όμ°¨μ¥,κ°μ‚¬ν•©λ‹λ‹¤
λ™μ„μΈνΈν…”κΈΈB κ³µμμ£Όμ°¨μ¥,ν•­μƒκ°μ‚¬λ“λ¦½λ‹λ‹¤
λ™μ„μΈνΈν…”κΈΈB κ³µμμ£Όμ°¨μ¥,κ±°λ§μ›μ”
λ™μ„μΈνΈν…”κΈΈB κ³µμμ£Όμ°¨μ¥,#μ£Όμ°¨
λ™μ„μΈνΈν…”κΈΈB κ³µμμ£Όμ°¨μ¥,νΈν•΄μ”
λ™μ„μΈνΈν…”κΈΈB κ³µμμ£Όμ°¨μ¥,μΆ‹μ•„μ”
λ™μ„μΈνΈν…”κΈΈB κ³µμμ£Όμ°¨μ¥,κµ¬μμ¬λ• μΆ…μΆ… μ΄μ©ν•©λ‹λ‹¤
λ™μ„μΈνΈν…”κΈΈB κ³µμμ£Όμ°¨μ¥,κµΏ
λ™μ„μΈνΈν…”κΈΈB κ³µμμ£Όμ°¨μ¥,μ €λ ΄ν•΄μ©
λ™μ„μΈνΈν…”κΈΈB κ³µμμ£Όμ°¨μ¥,μ£Όμ°¨ν•κΈ°μΆ‹μ•„μ—¬
λ™μ„μΈνΈν…”κΈΈB κ³µμμ£Όμ°¨μ¥,μΆ‹μ•„μ”
λ™μ„μΈνΈν…”κΈΈB κ³µμμ£Όμ°¨μ¥,κµΏ
λ™μ„μΈνΈν…”κΈΈB κ³µμμ£Όμ°¨μ¥,μΆ‹μ•„μ”
λ™μ„μΈνΈν…”κΈΈB κ³µμμ£Όμ°¨μ¥,...
λ™μ„μΈνΈν…”κΈΈB κ³µμμ£Όμ°¨μ¥,κµΏ
λ™μ„μΈνΈν…”κΈΈB κ³µμμ£Όμ°¨μ¥,μ£Όμ°¨ν•κΈ° νΈν•΄μ”
λ™μ„μΈνΈν…”κΈΈB κ³µμμ£Όμ°¨μ¥,γ†
λ™μ„μΈνΈν…”κΈΈB κ³µμμ£Όμ°¨μ¥,κµΏ
λ™μ„μΈνΈν…”κΈΈB κ³µμμ£Όμ°¨μ¥,μΆ‹μ•„μ”
λ™μ„μΈνΈν…”κΈΈB κ³µμμ£Όμ°¨μ¥,κµΏ
λ™μ„μΈνΈν…”κΈΈB κ³µμμ£Όμ°¨μ¥,μΉμ ν•μ„Έμ”
λ™μ„μΈνΈν…”κΈΈB κ³µμμ£Όμ°¨μ¥,μΉμ ν•΄μ”
λ™μ„μΈνΈν…”κΈΈB κ³µμμ£Όμ°¨μ¥,μ €κ³µν•΄μ°¨λ‰ ν• μΈμ΄ λμ„ μΆ‹μΌλ„¤μ”
λ™μ„μΈνΈν…”κΈΈB κ³µμμ£Όμ°¨μ¥,μ£Όμ°¨μ¥
λ™μ„μΈνΈν…”κΈΈB κ³µμμ£Όμ°¨μ¥,κ³µμμ£Όμ°¨μ¥
λ™μ„μΈνΈν…”κΈΈB κ³µμμ£Όμ°¨μ¥,νΈμμ 
λ™μ„μΈνΈν…”κΈΈB κ³µμμ£Όμ°¨μ¥,.
λ™μ„μΈνΈν…”κΈΈB κ³µμμ£Όμ°¨μ¥,μ €λ ΄ν•κ³  λ„μ°
λ™μ„μΈνΈν…”κΈΈB κ³µμμ£Όμ°¨μ¥,κµΏ
λ™μ„μΈνΈν…”κΈΈB κ³µμμ£Όμ°¨μ¥,μΉμ ν•΄μ”
λ™μ„μΈνΈν…”κΈΈB κ³µμμ£Όμ°¨μ¥,κ³µμμ£Όμ°¨μ¥
λ™μ„μΈνΈν…”κΈΈB κ³µμμ£Όμ°¨μ¥,κ³µμµκ·Όλ¬΄μ”μ›μ΄ λ¶μΉμ 
λ™μ„μΈνΈν…”κΈΈB κ³µμμ£Όμ°¨μ¥,μΆ‹μ•„μ©~~
λ™μ„μΈνΈν…”κΈΈB κ³µμμ£Όμ°¨μ¥,κµΏ
λ™μ„μΈνΈν…”κΈΈB κ³µμμ£Όμ°¨μ¥,μ£Όμ°¨λΌμΈμ€ μΆμ§€λ§ μμ–΄μ„ μΆ‹μ
λμ„¬ν•κ°•κ³µμ› 2μ£Όμ°¨μ¥,ν•μ½ λ°©ν–¥μ—μ„λ§ μ…μ°¨κ°€ κ°€λ¥ν•λ° μΆ…μ „κ³Ό λ°©ν–¥μ΄ λ‹¬λΌμ„ ν•μ°Έ λμ•„ λ€κΈ°ν–λ„¤μ” 
λμ„¬ν•κ°•κ³µμ› 2μ£Όμ°¨μ¥,μµκ³ μΆ‹μ•„μ” λλ°©λ¬Έμμ •!
λμ„¬ν•κ°•κ³µμ› 2μ£Όμ°¨μ¥,ν•κ°•κ°€κΉμ΄μ—μ£Όμ°¨κ³µκ°„λ§κ³  νΈν•΄μ„μΆ‹λ„¤μ”!
